0,1,2,3,4,5,6,7,8,9,10,11,12,13,14,15,16,17,18,19,20,21,22,23,24,25,26,27
代码,行使价,买,卖,最新,隐含波动率,DM,成交量,未平仓,VB,VA,HV30,HV60,HV90,代码,行使价,买,卖,最新,隐含波动率,DM,成交量,未平仓,VB,VA,HV30,HV60,HV90
21-Jul-17 (18天); CSize 100,,,,,,,,,,,,,,,,,,,,,,,,,,,
SPX 7/21/17 C1000,1000,1422.300049,1428.199951,0,150.463913,0.996061683,0,0,0,0.132745057,,,,SPX 7/21/17 P1000,1000,0,0.100000024,0,127.9320221,-0.000513457,0,0,0,0.009748944,,,
SPX 7/21/17 C1100,1100,1322.400024,1328.300049,0,136.013916,0.995679379,0,0,0,0.146633387,,,,SPX 7/21/17 P1100,1100,0,0.100000024,0,114.7642136,-0.000572384,0,0,0,0.010779466,,,
SPX 7/21/17 C1200,1200,1222.5,1228.300049,0,121.6732864,0.995428562,0,0,0,0.159011245,,,,SPX 7/21/17 P1200,1200,0,0.100000024,0,102.7319717,-0.000638928,0,0,0,0.011932113,,,
SPX 7/21/17 C1225,1225,1197.5,1203.400024,0,119.0293808,0.995215476,0,0,0,0.165255368,,,,SPX 7/21/17 P1225,1225,0,0.100000024,0,99.878685,-0.000657037,0,0,0,0.012243917,,,
SPX 7/21/17 C1250,1250,1172.5,1178.400024,0,115.4417191,0.995192349,0,0,0,0.168670714,,,,SPX 7/21/17 P1250,1250,0,0.100000024,0,97.08174896,-0.000675798,0,0,0,0.012566124,,,
SPX 7/21/17 C1275,1275,1147.5,1153.400024,0,111.9261398,0.995170236,0,0,0,0.172174737,,,,SPX 7/21/17 P1275,1275,0,0.100000024,0,94.33628082,-0.000695061,0,0,0,0.012896121,,,
SPX 7/21/17 C1300,1300,1122.5,1128.400024,0,108.4812012,0.995148778,0,0,0,0.175771654,,,,SPX 7/21/17 P1300,1300,0,0.100000024,0,91.64310455,-0.000715088,0,0,0,0.013238333,,,
SPX 7/21/17 C1325,1325,1097.5,1103.400024,0,105.1022873,0.995128512,0,0,0,0.179454669,,,,SPX 7/21/17 P1325,1325,0,0.100000024,0,89.00022125,-0.000735945,0,0,0,0.013593802,,,
SPX 7/21/17 C1350,1350,1072.599976,1078.400024,0,102.7147217,0.994882286,0,0,0,0.183249101,,,,SPX 7/21/17 P1350,1350,0,0.100000024,0,86.40506744,-0.000757644,0,0,0,0.013962642,,,
SPX 7/21/17 C1375,1375,1047.599976,1053.5,0,100.3224869,0.994626045,0,0,0,0.190551549,,,,SPX 7/21/17 P1375,1375,0,0.100000024,0,83.85506439,-0.00078018,0,0,0,0.014344699,,,
SPX 7/21/17 C1400,1400,1022.599976,1028.5,0,97.11962128,0.99459213,0,0,0,0.194649488,,,,SPX 7/21/17 P1400,1400,0,0.100000024,0,81.34953308,-0.000803719,0,0,0,0.014742672,,,
SPX 7/21/17 C1425,1425,997.5999756,1003.5,0,93.97333527,0.99455899,0,0,0,0.198876977,,,,SPX 7/21/17 P1425,1425,0,0.100000024,0.050000001,78.8833847,-0.000827981,6,0,0,0.015151745,,,
SPX 7/21/17 C1450,1450,972.5999756,978.5,0,90.88360596,0.994525909,0,0,0,0.203260526,,,,SPX 7/21/17 P1450,1450,0,0.100000024,0,76.4613266,-0.000853702,0,0,0,0.015584198,,,
SPX 7/21/17 C1475,1475,947.7000122,953.5,0,88.63775635,0.994234204,0,0,0,0.207774848,,,,SPX 7/21/17 P1475,1475,0,0.100000024,0,74.07666016,-0.000880417,0,0,0,0.016032079,,,
SPX 7/21/17 C1500,1500,922.7000122,928.5,0,85.64813232,0.994192123,0,0,0,0.212470099,,,,SPX 7/21/17 P1500,1500,0,0.100000024,0,71.72946167,-0.00090838,0,0,0,0.016499508,,,
SPX 7/21/17 C1525,1525,897.7000122,903.5999756,0,83.44239807,0.993876278,0,0,0,0.221180782,,,,SPX 7/21/17 P1525,1525,0,0.100000024,0,69.41780853,-0.000937619,0,0,0,0.01698683,,,
SPX 7/21/17 C1540,1540,882.7000122,888.5999756,0,81.69525146,0.99384588,0,0,0,0.22424151,,,,SPX 7/21/17 P1540,1540,0,0.100000024,0,68.0478363,-0.000955888,0,0,0,0.017290566,,,
SPX 7/21/17 C1550,1550,872.7000122,878.5999756,0,80.54343414,0.993824124,0,0,0,0.226302609,,,,SPX 7/21/17 P1550,1550,0,0.100000024,0,67.14187622,-0.000968449,0,0,0,0.017499095,,,
SPX 7/21/17 C1560,1560,862.7000122,868.5999756,0,79.39658356,0.993803322,0,0,0,0.228417978,,,,SPX 7/21/17 P1560,1560,0,0.100000024,0,66.24068451,-0.00098118,0,0,0,0.017710174,,,
SPX 7/21/17 C1570,1570,852.7000122,858.5999756,0,78.25752258,0.993782222,0,0,0,0.230559066,,,,SPX 7/21/17 P1570,1570,0,0.100000024,0,65.34475708,-0.000994171,0,0,0,0.0179253,,,
SPX 7/21/17 C1575,1575,847.7000122,853.5999756,0,77.69038391,0.993771791,0,0,0,0.231642783,,,,SPX 7/21/17 P1575,1575,0,0.100000024,0,64.89797974,-0.001000649,0,0,0,0.018032465,,,
SPX 7/21/17 C1580,1580,842.7000122,848.5999756,0,77.12457275,0.993761539,0,0,0,0.232735485,,,,SPX 7/21/17 P1580,1580,0,0.100000024,0,64.4540329,-0.001007433,0,0,0,0.018144619,,,
SPX 7/21/17 C1590,1590,832.7000122,838.5999756,0,76.00140381,0.993739605,0,0,0,0.234948635,,,,SPX 7/21/17 P1590,1590,0,0.100000024,0,63.56878281,-0.001021029,0,0,0,0.018369192,,,
SPX 7/21/17 C1600,1600,822.7999878,828.5999756,0,75.55926514,0.993416488,0,0,0,0.237164542,,,,SPX 7/21/17 P1600,1600,0,0.050000001,0,59.22861862,-0.000572883,0,0,0,0.010788154,,,
SPX 7/21/17 C1610,1610,812.7999878,818.5999756,0,74.44446564,0.993390918,0,0,0,0.239444509,,,,SPX 7/21/17 P1610,1610,0,0.100000024,0,61.81244278,-0.001048957,0,0,0,0.018829567,,,
SPX 7/21/17 C1620,1620,802.7999878,808.5999756,0,73.33946991,0.993363798,0,0,0,0.241762891,,,,SPX 7/21/17 P1620,1620,0,0.100000024,0,60.94163513,-0.001063375,0,0,0,0.019066781,,,
SPX 7/21/17 C1625,1625,797.7999878,803.5999756,0,72.78817749,0.993350804,0,0,0,0.242936864,,,,SPX 7/21/17 P1625,1625,0,0.050000001,0,57.15446091,-0.000592739,0,0,0,0.011133237,,,
SPX 7/21/17 C1630,1630,792.7999878,798.5999756,0,72.23913574,0.993337452,0,0,0,0.244120881,,,,SPX 7/21/17 P1630,1630,0,0.100000024,0,60.07658005,-0.001078276,0,0,0,0.019311611,,,
SPX 7/21/17 C1640,1640,782.7999878,788.7000122,0,71.77287292,0.992995799,0,0,0,0.250843316,,,,SPX 7/21/17 P1640,1640,0,0.100000024,0,59.21486664,-0.001093261,0,0,0,0.019557497,,,
SPX 7/21/17 C1650,1650,772.7999878,778.7000122,0,70.68300629,0.99296391,0,0,0,0.253329933,,,,SPX 7/21/17 P1650,1650,0,0.050000001,0,55.1115303,-0.000614027,0,0,0,0.011502101,,,
SPX 7/21/17 C1660,1660,762.7999878,768.7000122,0,69.59879303,0.992932081,0,0,0,0.255860746,,,,SPX 7/21/17 P1660,1660,0,0.100000024,0,57.50601578,-0.001124374,0,0,0,0.020066965,,,
SPX 7/21/17 C1670,1670,752.7999878,758.7000122,0,68.52510834,0.992897749,0,0,0,0.258465946,,,,SPX 7/21/17 P1670,1670,0,0.100000024,0,56.65953827,-0.001140691,0,0,0,0.020333592,,,
SPX 7/21/17 C1675,1675,747.7999878,753.7000122,0,67.99009705,0.992880702,0,0,0,0.259750843,,,,SPX 7/21/17 P1675,1675,0,0.050000001,0,53.09564209,-0.000636512,0,0,0,0.011890469,,,
SPX 7/21/17 C1680,1680,742.7999878,748.7000122,0,67.45572662,0.992864013,0,0,0,0.261063188,,,,SPX 7/21/17 P1680,1680,0,0.100000024,0,55.81621933,-0.001157135,0,0,0,0.020601919,,,
SPX 7/21/17 C1690,1690,732.7999878,738.7000122,0,66.39056396,0.992831111,0,0,0,0.263734221,,,,SPX 7/21/17 P1690,1690,0,0.100000024,0,54.97704315,-0.001173918,0,0,0,0.020875376,,,
SPX 7/21/17 C1700,1700,722.7999878,728.7000122,0,65.33500671,0.992795765,0,0,0,0.266445398,,,,SPX 7/21/17 P1700,1700,0,0.100000024,0,54.14558792,-0.001191825,0,0,0,0.021166746,,,
SPX 7/21/17 C1710,1710,712.9000244,718.7000122,0,64.85627747,0.99241513,0,0,0,0.269232363,,,,SPX 7/21/17 P1710,1710,0,0.100000024,0,53.31393814,-0.001209216,0,0,0,0.02144929,,,
SPX 7/21/17 C1720,1720,702.9000244,708.7000122,0,63.8085556,0.992373645,0,0,0,0.272070795,,,,SPX 7/21/17 P1720,1720,0,0.100000024,0,52.4881134,-0.001227395,0,0,0,0.021744205,,,
SPX 7/21/17 C1725,1725,697.9000244,703.7000122,0,63.28684616,0.992352724,0,0,0,0.273500353,,,,SPX 7/21/17 P1725,1725,0,0.100000024,0,52.07904053,-0.001237179,0,0,0,0.021902749,,,
SPX 7/21/17 C1730,1730,692.9000244,698.7000122,0,62.76783752,0.992330849,0,0,0,0.274949133,,,,SPX 7/21/17 P1730,1730,0,0.100000024,0,51.66563416,-0.001245852,0,0,0,0.022043183,,,
SPX 7/21/17 C1740,1740,682.9000244,688.7999878,0,62.2610321,0.991934061,0,0,0,0.282670557,,,,SPX 7/21/17 P1740,1740,0,0.100000024,0,50.84941483,-0.001265298,0,0,0,0.022357717,,,
SPX 7/21/17 C1750,1750,672.9000244,678.7999878,0,61.22923279,0.991883278,0,0,0,0.285696119,,,,SPX 7/21/17 P1750,1750,0,0.100000024,0,50.03580475,-0.00128492,0,0,0,0.022674587,,,
SPX 7/21/17 C1760,1760,662.9000244,668.7999878,0,60.20200348,0.991832376,0,0,0,0.288821369,,,,SPX 7/21/17 P1760,1760,0,0.100000024,0,49.22700119,-0.001305279,0,0,0,0.023002846,,,
SPX 7/21/17 C1770,1770,652.9000244,658.7999878,0,59.1798172,0.991780877,0,0,0,0.292013615,,,,SPX 7/21/17 P1770,1770,0,0.100000024,0,48.42274094,-0.001326364,0,0,0,0.023342278,,,
SPX 7/21/17 C1775,1775,647.9000244,653.7999878,0,58.67098999,0.991754651,0,0,0,0.293630242,,,,SPX 7/21/17 P1775,1775,0,0.100000024,0,48.01921844,-0.001336376,0,0,0,0.023503266,,,
SPX 7/21/17 C1780,1780,642.9000244,648.7999878,0,58.16138077,0.991729796,0,0,0,0.295266449,,,,SPX 7/21/17 P1780,1780,0,0.100000024,0,47.61879349,-0.001347094,0,0,0,0.02367546,,,
SPX 7/21/17 C1790,1790,633,638.7999878,0,57.64091873,0.991294324,0,0,0,0.298615128,,,,SPX 7/21/17 P1790,1790,0,0.100000024,0,46.82077026,-0.001368981,0,0,0,0.024026684,,,
SPX 7/21/17 C1800,1800,623,628.7999878,0,56.63064575,0.991233766,0,0,0,0.301987141,,,,SPX 7/21/17 P1800,1800,0.050000001,0.100000024,0.050000001,44.88466644,-0.001091076,62,0,0.014213219,0.024387432,,,
SPX 7/21/17 C1810,1810,613,618.7999878,0,55.62990952,0.991168439,0,0,0,0.305473953,,,,SPX 7/21/17 P1810,1810,0,0.100000024,0,45.23589325,-0.001414677,0,0,0,0.024758112,,,
SPX 7/21/17 C1820,1820,603,608.9000244,0,55.08670425,0.990709901,0,0,0,0.314189076,,,,SPX 7/21/17 P1820,1820,0,0.100000024,0,44.44939041,-0.001438688,0,0,0,0.02514147,,,
SPX 7/21/17 C1825,1825,598,603.9000244,0,54.58771896,0.990673482,0,0,0,0.316018313,,,,SPX 7/21/17 P1825,1825,0.050000001,0.100000024,0.050000001,42.95749664,-0.001137694,5,0,0.01477052,0.025323825,,,
SPX 7/21/17 C1830,1830,593,598.9000244,0,54.09010315,0.990636647,0,0,0,0.317875713,,,,SPX 7/21/17 P1830,1830,0,0.150000036,0,45.33417892,-0.002055566,0,0,0,0.034788806,,,
SPX 7/21/17 C1840,1840,583,588.9000244,0,53.10112381,0.99055922,0,0,0,0.321664453,,,,SPX 7/21/17 P1840,1840,0,0.199999988,0,45.79176331,-0.00265276,0,0,0,0.043824874,,,
SPX 7/21/17 C1850,1850,573,578.9000244,0,52.11224365,0.990484536,0,0,0,0.325547844,,,,SPX 7/21/17 P1850,1850,0,0.199999988,0,44.97072983,-0.002699018,0,0,0,0.044514369,,,
SPX 7/21/17 C1860,1860,563.0999756,568.9000244,0,51.5512085,0.989988625,0,0,0,0.329484582,,,,SPX 7/21/17 P1860,1860,0,0.199999988,0,44.1532135,-0.002746743,0,0,0,0.045224313,,,
SPX 7/21/17 C1870,1870,553.0999756,558.9000244,0,50.57081223,0.989899814,0,0,0,0.333595902,,,,SPX 7/21/17 P1870,1870,0,0.199999988,0,43.33522797,-0.002793938,0,0,0,0.045924939,,,
SPX 7/21/17 C1875,1875,548.0999756,553.9000244,0,50.08346558,0.989853382,0,0,0,0.335680634,,,,SPX 7/21/17 P1875,1875,0,0.199999988,0,42.93175888,-0.002820374,0,0,0,0.046316784,,,
SPX 7/21/17 C1880,1880,543.0999756,549,0,49.99035645,0.989382684,0,0,0,0.343226314,,,,SPX 7/21/17 P1880,1880,0,0.199999988,0,42.52461243,-0.002844795,0,0,0,0.046678375,,,
SPX 7/21/17 C1890,1890,533.0999756,539,0,49.01556778,0.98928082,0,0,0,0.347547889,,,,SPX 7/21/17 P1890,1890,0,0.199999988,0,41.71777725,-0.002897619,0,0,0,0.04745926,,,
SPX 7/21/17 C1900,1900,523.0999756,529,0,48.0486412,0.98917222,0,0,0,0.352086514,,,,SPX 7/21/17 P1900,1900,0.050000001,0.100000024,0.100000024,37.30405426,-0.001301819,32,0,0.016734485,0.02860794,,,
SPX 7/21/17 C1910,1910,513.0999756,519,0,47.08203506,0.989065349,0,0,0,0.356671989,,,,SPX 7/21/17 P1910,1910,0,0.25,0,41.04601669,-0.00361035,0,0,0,0.057840925,,,
SPX 7/21/17 C1915,1915,508.2000122,514,0,46.96654892,0.988562167,0,0,0,0.359015942,,,,SPX 7/21/17 P1915,1915,0,0.25,0,40.64184189,-0.003646845,0,0,0,0.058365319,,,
SPX 7/21/17 C1920,1920,503.2000122,509,0,46.4852562,0.988500834,0,0,0,0.361393631,,,,SPX 7/21/17 P1920,1920,0.050000001,0.25,0,38.20048904,-0.002415959,0,0,0.017332936,0.058839828,,,
SPX 7/21/17 C1925,1925,498.2000122,504,0,46.00528717,0.988438249,0,0,0,0.363805264,,,,SPX 7/21/17 P1925,1925,0.050000001,0.150000036,0,36.38708878,-0.001739456,0,0,0.017499879,0.040626302,,,
SPX 7/21/17 C1930,1930,493.2000122,499,0,45.52674484,0.988374233,0,0,0,0.366251379,,,,SPX 7/21/17 P1930,1930,0.050000001,0.25,0,37.42407227,-0.002463306,0,0,0.017650902,0.059842285,,,
SPX 7/21/17 C1935,1935,488.2000122,494.1000061,0,45.39234924,0.987851202,0,0,0,0.37447989,,,,SPX 7/21/17 P1935,1935,0.050000001,0.150000036,0,35.63461685,-0.00177291,0,0,0.017815856,0.041369423,,,
SPX 7/21/17 C1940,1940,483.2000122,489.1000061,0,44.90964127,0.987786353,0,0,0,0.377034247,,,,SPX 7/21/17 P1940,1940,0.050000001,0.150000036,0,35.26212311,-0.001791311,0,0,0.017980119,0.041732028,,,
SPX 7/21/17 C1945,1945,478.2000122,484.1000061,0,44.43275452,0.987713933,0,0,0,0.379650623,,,,SPX 7/21/17 P1945,1945,0.050000001,0.25,0,36.26451874,-0.002537348,0,0,0.018149829,0.061452437,,,
SPX 7/21/17 C1950,1950,473.2000122,479.1000061,0,43.95572281,0.987641871,0,0,0,0.382203162,,,,SPX 7/21/17 P1950,1950,0.050000001,0.150000036,0,34.51805878,-0.001828611,0,0,0.018312413,0.042484205,,,
SPX 7/21/17 C1955,1955,468.2000122,474.1000061,0,43.47969818,0.987568676,0,0,0,0.384895563,,,,SPX 7/21/17 P1955,1955,0.050000001,0.25,0,35.49518585,-0.002589108,0,0,0.01848444,0.062587708,,,
SPX 7/21/17 C1960,1960,463.2000122,469.1000061,0,43.00466156,0.98749423,0,0,0,0.387618303,,,,SPX 7/21/17 P1960,1960,0.050000001,0.300000012,0,35.65665436,-0.00297118,0,0,0.018676002,0.072085105,,,
SPX 7/21/17 C1965,1965,458.2999878,464.1000061,0,42.8493309,0.986939311,0,0,0,0.390375882,,,,SPX 7/21/17 P1965,1965,0.050000001,0.300000012,0,35.26906967,-0.00300216,0,0,0.018856419,0.072716415,,,
SPX 7/21/17 C1970,1970,453.2999878,459.1000061,0,42.37429428,0.986857295,0,0,0,0.393171757,,,,SPX 7/21/17 P1970,1970,0.050000001,0.300000012,0,34.88153458,-0.003033297,0,0,0.019043388,0.073390923,,,
SPX 7/21/17 C1975,1975,448.2999878,454.1000061,0,41.90076828,0.986773014,0,0,0,0.39600876,,,,SPX 7/21/17 P1975,1975,0.100000024,0.150000036,0,33.36439133,-0.002319978,0,0,0.032798748,0.044513907,,,
SPX 7/21/17 C1980,1980,443.2999878,449.1000061,0,41.42914581,0.986685693,0,0,0,0.398919851,,,,SPX 7/21/17 P1980,1980,0.100000024,0.300000012,0,34.58111954,-0.003457359,0,0,0.033113744,0.07477171,,,
SPX 7/21/17 C1985,1985,438.2999878,444.1000061,0,40.95906067,0.986595809,0,0,0,0.401780576,,,,SPX 7/21/17 P1985,1985,0.099999964,0.300000012,0,34.19055939,-0.003493677,0,0,0.033422638,0.075473994,,,
SPX 7/21/17 C1990,1990,433.2999878,439.2000122,0,40.78341293,0.986013412,0,0,0,0.410865039,,,,SPX 7/21/17 P1990,1990,0.100000024,0.300000012,0,33.8040123,-0.003533478,0,0,0.03377194,0.076192774,,,
SPX 7/21/17 C1995,1995,428.2999878,434.2000122,0,40.30938339,0.985921323,0,0,0,0.413940638,,,,SPX 7/21/17 P1995,1995,0.100000024,0.350000024,0,33.83230972,-0.003932101,0,0,0.034109652,0.085911937,,,
SPX 7/21/17 C2000,2000,423.2999878,429.2000122,0,39.83988571,0.985821247,0,0,0,0.41706267,,,,SPX 7/21/17 P2000,2000,0.100000024,0.199999988,0.160000026,32.06708527,-0.002848761,174,0,0.034468092,0.057849139,,,
SPX 7/21/17 C2005,2005,418.2999878,424.2000122,0,39.37047195,0.985720634,0,0,0,0.420218915,,,,SPX 7/21/17 P2005,2005,0.100000024,0.350000024,0,33.04836273,-0.00401855,0,0,0.034829844,0.087605283,,,
SPX 7/21/17 C2010,2010,413.2999878,419.2000122,0,38.90188599,0.985618174,0,0,0,0.423434108,,,,SPX 7/21/17 P2010,2010,0.100000024,0.350000024,0,32.65740585,-0.004063213,0,0,0.035169523,0.088434495,,,
SPX 7/21/17 C2015,2015,408.3999939,414.2000122,0,38.71108246,0.984997272,0,0,0,0.426647216,,,,SPX 7/21/17 P2015,2015,0.100000024,0.350000024,0,32.26678085,-0.004108559,0,0,0.035517979,0.089315727,,,
SPX 7/21/17 C2020,2020,403.3999939,409.2000122,0,38.2399826,0.984889269,0,0,0,0.430020034,,,,SPX 7/21/17 P2020,2020,0.150000036,0.350000024,0,32.24344254,-0.004526859,0,0,0.048679575,0.090203755,,,
SPX 7/21/17 C2025,2025,398.3999939,404.2000122,0,37.77326584,0.984772146,0,0,0,0.433413893,,,,SPX 7/21/17 P2025,2025,0.150000036,0.25,0.199999988,31.09575844,-0.00381884,822,0,0.049161047,0.071563862,,,
SPX 7/21/17 C2030,2030,393.3999939,399.2000122,0,37.30595779,0.98465544,0,0,0,0.436889619,,,,SPX 7/21/17 P2030,2030,0.150000036,0.400000036,0,31.79154015,-0.005002485,0,0,0.049699053,0.101155058,,,
SPX 7/21/17 C2035,2035,388.3999939,394.2000122,0,36.83964157,0.984535992,0,0,0,0.440369278,,,,SPX 7/21/17 P2035,2035,0.150000036,0.400000036,0,31.3989048,-0.005063672,0,0,0.050245102,0.102192789,,,
SPX 7/21/17 C2040,2040,383.3999939,389.2000122,0,36.37361908,0.984415054,0,0,0,0.443932116,,,,SPX 7/21/17 P2040,2040,0.199999988,0.400000036,0.199999988,31.31082535,-0.005496143,1,0,0.062773138,0.103260934,,,
SPX 7/21/17 C2045,2045,378.3999939,384.2999878,0,36.16770554,0.983739674,0,0,0,0.454050153,,,,SPX 7/21/17 P2045,2045,0.150000036,0.400000036,0,30.60951233,-0.005183364,0,0,0.051343106,0.104329623,,,
SPX 7/21/17 C2050,2050,373.3999939,379.2999878,0,35.69841003,0.983613133,0,0,0,0.457757235,,,,SPX 7/21/17 P2050,2050,0.199999988,0.399999976,0.300000012,30.51709747,-0.005628522,48,0,0.064149037,0.10547746,,,
SPX 7/21/17 C2055,2055,368.3999939,374.2999878,0,35.23392487,0.98347497,0,0,0,0.461604893,,,,SPX 7/21/17 P2055,2055,0.199999988,0.400000036,0,30.12378883,-0.005700695,0,0,0.064865671,0.106536426,,,
SPX 7/21/17 C2060,2060,363.5,369.2999878,0,35.01298523,0.982775509,0,0,0,0.465500295,,,,SPX 7/21/17 P2060,2060,0.199999988,0.449999988,0,30.00290108,-0.006151349,0,0,0.065567777,0.116932176,,,
SPX 7/21/17 C2065,2065,358.5,364.2999878,0,34.54665756,0.982627332,0,0,0,0.469498307,,,,SPX 7/21/17 P2065,2065,0.199999988,0.449999988,0,29.60466385,-0.006227536,0,0,0.066320218,0.118237168,,,
SPX 7/21/17 C2070,2070,353.5,359.2999878,0,34.08163452,0.982474387,0,0,0,0.473511368,,,,SPX 7/21/17 P2070,2070,0.199999988,0.449999988,0,29.20887375,-0.006308457,0,0,0.067095444,0.119505815,,,
SPX 7/21/17 C2075,2075,348.5,354.2999878,0,33.61545563,0.982322395,0,0,0,0.477623403,,,,SPX 7/21/17 P2075,2075,0.199999988,0.449999988,0.290000021,28.80960464,-0.00638544,83,0,0.067859292,0.120825984,,,
SPX 7/21/17 C2080,2080,343.5,349.2999878,0,33.15362167,0.982157707,0,0,0,0.481822342,,,,SPX 7/21/17 P2080,2080,0.199999988,0.449999988,0,28.41377068,-0.006468861,0,0,0.068651222,0.122228593,,,
SPX 7/21/17 C2085,2085,338.5,344.2999878,0,32.6914711,0.981991529,0,0,0,0.486160696,,,,SPX 7/21/17 P2085,2085,0.25,0.5,0,28.50059891,-0.007345712,0,0,0.081617773,0.132843092,,,
SPX 7/21/17 C2090,2090,333.5,339.2999878,0,32.22941589,0.981822789,0,0,0,0.490442753,,,,SPX 7/21/17 P2090,2090,0.25,0.5,0,28.10053444,-0.007444329,0,0,0.082585335,0.134392962,,,
SPX 7/21/17 C2095,2095,328.5,334.3999939,0,31.98949623,0.981050074,0,0,0,0.501821458,,,,SPX 7/21/17 P2095,2095,0.25,0.5,0,27.69918251,-0.007542504,0,0,0.083543576,0.135953382,,,
SPX 7/21/17 C2100,2100,323.6000061,329.3999939,0,31.74007797,0.980265081,0,0,0,0.50643909,,,,SPX 7/21/17 P2100,2100,0.25,0.5,0.350000024,27.29880333,-0.007644262,128,0,0.084588453,0.137565255,,,
SPX 7/21/17 C2105,2105,318.6000061,324.3999939,0,31.27688026,0.980064511,0,0,0,0.511185586,,,,SPX 7/21/17 P2105,2105,0.25,0.5,0,26.89909554,-0.007749247,0,0,0.085658178,0.139179885,,,
SPX 7/21/17 C2110,2110,313.6000061,319.3999939,0,30.81130981,0.979867399,0,0,0,0.515981257,,,,SPX 7/21/17 P2110,2110,0.300000012,0.550000012,0.330000043,26.91465378,-0.008675667,1,0,0.098710574,0.15030086,,,
SPX 7/21/17 C2115,2115,308.6000061,314.3999939,0,30.3493824,0.979655862,0,0,0,0.520880699,,,,SPX 7/21/17 P2115,2115,0.300000012,0.550000012,0.350000024,26.50863075,-0.008793302,1,0,0.099928491,0.152114943,,,
SPX 7/21/17 C2120,2120,303.6000061,309.3999939,0,29.88736916,0.97944057,0,0,0,0.525899768,,,,SPX 7/21/17 P2120,2120,0.300000012,0.550000012,0.330000043,26.10591888,-0.008920444,3,0,0.10122098,0.154018581,,,
SPX 7/21/17 C2125,2125,298.6000061,304.3999939,0,29.42682838,0.979216337,0,0,0,0.531035542,,,,SPX 7/21/17 P2125,2125,0.300000012,0.550000012,0,25.7040863,-0.00905245,0,0,0.102481507,0.155857593,,,
SPX 7/21/17 C2130,2130,293.7000122,299.3999939,0,29.16084671,0.978349924,0,0,0,0.53628999,,,,SPX 7/21/17 P2130,2130,0.350000024,0.600000024,0,25.66532135,-0.010024695,0,0,0.115709402,0.167360112,,,
SPX 7/21/17 C2135,2135,288.7000122,294.5,0,28.88659096,0.977466464,0,0,0,0.54899317,,,,SPX 7/21/17 P2135,2135,0.349999964,0.600000024,0.430000007,25.25565529,-0.010167372,1,0,0.117288396,0.169500366,,,
SPX 7/21/17 C2140,2140,283.7000122,289.5,0,28.42240715,0.977208197,0,0,0,0.554416299,,,,SPX 7/21/17 P2140,2140,0.350000024,0.600000024,0.350000024,24.84848595,-0.010319673,10,0,0.118794605,0.171615303,,,
SPX 7/21/17 C2145,2145,278.7000122,284.5,0,27.95879745,0.976941884,0,0,0,0.560140014,,,,SPX 7/21/17 P2145,2145,0.350000024,0.649999976,0,24.60738373,-0.010905534,0,0,0.120407008,0.183426559,,,
SPX 7/21/17 C2150,2150,273.7000122,279.5,0,27.49757957,0.976660252,0,0,0,0.565986514,,,,SPX 7/21/17 P2150,2150,0.399999976,0.649999976,0.5,24.35647011,-0.011502447,326,0,0.133871943,0.185894608,,,
SPX 7/21/17 C2155,2155,268.7999878,274.5,0,27.20749855,0.975719333,0,0,0,0.571970403,,,,SPX 7/21/17 P2155,2155,0.400000036,0.699999988,0,24.09675407,-0.012112157,0,0,0.135734379,0.197817683,,,
SPX 7/21/17 C2160,2160,263.7999878,269.5,0,26.74435806,0.975413144,0,0,0,0.578135312,,,,SPX 7/21/17 P2160,2160,0.399999976,0.699999988,0.410000026,23.68475342,-0.01230578,6,0,0.137670889,0.200499684,,,
SPX 7/21/17 C2165,2165,258.7999878,264.6000061,0,26.44871521,0.974417925,0,0,0,0.591911733,,,,SPX 7/21/17 P2165,2165,0.449999988,0.699999988,0,23.41541672,-0.012943326,0,0,0.151359811,0.203269184,,,
SPX 7/21/17 C2170,2170,253.8000031,259.6000061,0,25.98458099,0.974080026,0,0,0,0.59840554,,,,SPX 7/21/17 P2170,2170,0.449999988,0.75,0.470000029,23.13860703,-0.013596951,4,0,0.153445661,0.215625778,,,
SPX 7/21/17 C2175,2175,248.8999939,254.6000061,0,25.67728424,0.973051906,0,0,0,0.605082989,,,,SPX 7/21/17 P2175,2175,0.5,0.75,0.529999971,22.84969902,-0.014250576,108,0,0.167182207,0.218705341,,,
SPX 7/21/17 C2180,2180,243.8999939,249.6000061,0,25.20929527,0.972691536,0,0,0,0.611945808,,,,SPX 7/21/17 P2180,2180,0.5,0.800000012,0.600000024,22.56087494,-0.014944849,10,0,0.16966629,0.231113955,,,
SPX 7/21/17 C2185,2185,238.8999939,244.6999969,0,24.89814377,0.97159338,0,0,0,0.626625597,,,,SPX 7/21/17 P2185,2185,0.550000012,0.800000012,0,22.26071358,-0.015640542,0,0,0.183529839,0.234456837,,,
SPX 7/21/17 C2190,2190,234,239.6999969,0,24.57566833,0.970488489,0,0,0,0.633943915,,,,SPX 7/21/17 P2190,2190,0.550000012,0.850000024,0.50999999,21.95403099,-0.016353933,5,0,0.186225399,0.247536197,,,
SPX 7/21/17 C2195,2195,229,234.6999969,0,24.10840416,0.970045984,0,0,0,0.641488492,,,,SPX 7/21/17 P2195,2195,0.600000024,0.850000024,0.579999983,21.64391136,-0.01709746,2,0,0.20044513,0.251127005,,,
SPX 7/21/17 C2200,2200,224.1000061,229.8000031,0,23.91679382,0.96816206,0,0,0,0.657047927,,,,SPX 7/21/17 P2200,2200,0.600000024,0.899999976,0.649999976,21.32707787,-0.017858867,84,0,0.203601539,0.264376968,,,
SPX 7/21/17 C2205,2205,219.1000061,224.8000031,0,23.44309044,0.967677653,0,0,0,0.664901853,,,,SPX 7/21/17 P2205,2205,0.649999976,0.949999988,0.610000014,21.1055069,-0.019091068,4,0,0.217877999,0.277706325,,,
SPX 7/21/17 C2210,2210,214.1999969,219.8000031,0,23.10235214,0.96643573,0,0,0,0.673220456,,,,SPX 7/21/17 P2210,2210,0.699999988,1,0.550000012,20.86858559,-0.020345211,19,0,0.232305482,0.291145742,,,
SPX 7/21/17 C2215,2215,209.1999969,214.8999939,0,22.75630188,0.965152681,0,0,0,0.689565182,,,,SPX 7/21/17 P2215,2215,0.699999988,1,0.699999988,20.43784523,-0.020741031,5,0,0.235978946,0.295897096,,,
SPX 7/21/17 C2220,2220,204.3000031,209.8999939,0,22.40106964,0.963849902,0,0,0,0.698446751,,,,SPX 7/21/17 P2220,2220,0.75,1.049999237,0.600000024,20.18563271,-0.022061335,37,0,0.250877708,0.309871197,,,
SPX 7/21/17 C2225,2225,199.3000031,205,0,22.0421505,0.962493658,0,0,0,0.7154181,,,,SPX 7/21/17 P2225,2225,0.800000012,1.099999428,0.610000014,19.92220306,-0.023420678,1808,0,0.265822262,0.324134916,,,
SPX 7/21/17 C2230,2230,194.3999939,200,0,21.67967606,0.961079776,0,0,0,0.724829912,,,,SPX 7/21/17 P2230,2230,0.850000024,1.149999619,0.899999976,19.64638329,-0.024811536,4391,0,0.280925959,0.338555455,,,
SPX 7/21/17 C2235,2235,195,195.1000061,0,26.00282288,0.925757945,0,0,0.734757066,0.742576778,,,,SPX 7/21/17 P2235,2235,0.899999976,1.199999809,0.75,19.3599453,-0.026242616,10,0,0.296190411,0.353245318,,,
SPX 7/21/17 C2240,2240,184.5,190.1000061,0,20.93185806,0.958149076,0,0,0,0.752855778,,,,SPX 7/21/17 P2240,2240,0.949999988,1.25,0.800000012,19.06231117,-0.027709892,5,0,0.311739832,0.368146479,,,
SPX 7/21/17 C2245,2245,185.1000061,185.1999969,0,25.02885437,0.922039449,0,0,0.763444245,0.771318972,,,,SPX 7/21/17 P2245,2245,1,1.299999237,0.899999976,18.7580204,-0.029242257,15,0,0.327501535,0.383566499,,,
SPX 7/21/17 C2250,2250,180.1000061,180.1999969,0,24.47289658,0.920596063,0,0,0.774430394,0.782351375,,,,SPX 7/21/17 P2250,2250,1.050000191,1.349999428,1.029999733,18.44202614,-0.03080846,503,0,0.343531102,0.3991234,,,
SPX 7/21/17 C2255,2255,175.1999969,175.3000031,0,24.04035187,0.918049037,0,0,0.793687284,0.801567376,,,,SPX 7/21/17 P2255,2255,1.100000381,1.399999619,0,18.11915779,-0.032442138,0,0,0.360020012,0.415215105,,,
SPX 7/21/17 C2260,2260,170.1999969,170.3000031,177.3999939,23.48238373,0.91644156,3,0,0.805677772,0.813616872,,,,SPX 7/21/17 P2260,2260,1.149999619,1.5,0.899999976,17.84878922,-0.034598615,20,0,0.376740515,0.440057874,,,
SPX 7/21/17 C2265,2265,165.3000031,165.3999939,0,23.04234886,0.91369909,0,0,0.826001585,0.833886743,,,,SPX 7/21/17 P2265,2265,1.199999809,1.549999237,1.069999695,17.50567055,-0.036349695,8,0,0.393874943,0.456962645,,,
SPX 7/21/17 C2270,2270,160.3999939,160.5,0,22.5963192,0.910851061,0,0,0.846830726,0.85466373,,,,SPX 7/21/17 P2270,2270,1.300000191,1.649999619,1.25,17.2682457,-0.039124157,35,0,0.420800596,0.482559681,,,
SPX 7/21/17 C2275,2275,151.8999939,155.6000061,0,19.87262726,0.92963016,0,0,0.4532682,0.875847578,,,,SPX 7/21/17 P2275,2275,1.399999619,1.75,1.350000381,17.00880051,-0.041944865,634,0,0.448213428,0.508343577,,,
SPX 7/21/17 C2280,2280,146.1000061,150.6999969,0,18.83735466,0.933053076,0,0,0.281719536,0.897808969,,,,SPX 7/21/17 P2280,2280,1.449999809,1.849999428,1.449999809,16.68599892,-0.04441648,155,0,0.46672824,0.534691453,,,
SPX 7/21/17 C2285,2285,142.3999939,145.8000031,0,19.26837158,0.921615243,0,0,0.556952357,0.920312285,,,,SPX 7/21/17 P2285,2285,1.550000191,1.949999809,1.210000038,16.40059662,-0.047462143,64,0,0.494610697,0.561425984,,,
SPX 7/21/17 C2290,2290,137.1999969,141.1999969,0,18.85096359,0.918407619,0,0,0.535085559,0.965601146,,,,SPX 7/21/17 P2290,2290,1.699999809,2.049999237,1.690000534,16.14235115,-0.051056191,103,0,0.531985641,0.588712394,,,
SPX 7/21/17 C2295,2295,132.1000061,136.3000031,0,18.30097008,0.916448355,0,0,0.528528214,0.989082754,,,,SPX 7/21/17 P2295,2295,1.800000191,2.199999809,1.449999809,15.86600304,-0.054776944,24,0,0.560766816,0.62395066,,,
SPX 7/21/17 C2300,2300,127.5,131.3999939,128.5,18.0514679,0.910865545,10,0,0.608289361,1.013635039,,,,SPX 7/21/17 P2300,2300,1.899999619,2.349999428,1.850000381,15.57229137,-0.058634974,1607,0,0.590146124,0.659536242,,,
SPX 7/21/17 C2305,2305,121.3000031,126.5999908,0,16.89914322,0.915768445,0,0,0.372520268,1.04577291,,,,SPX 7/21/17 P2305,2305,2.050000191,2.5,2.300000191,15.2998476,-0.063102245,41,0,0.628440857,0.695559025,,,
SPX 7/21/17 C2310,2310,116.5,121.6999969,128.4100037,16.52970886,0.911221087,3,0,0.434672117,1.071692586,,,,SPX 7/21/17 P2310,2310,2.199999809,2.649999619,2.329999924,15.00568295,-0.067710198,160,0,0.666629553,0.732326627,,,
SPX 7/21/17 C2315,2315,111.6999969,116.8999939,0,16.20535278,0.905698836,0,0,0.49407354,1.105294466,,,,SPX 7/21/17 P2315,2315,2.399999619,2.849999428,2.650000572,14.76363087,-0.073448546,102,0,0.713186026,0.775802493,,,
SPX 7/21/17 C2320,2320,107,112,118.3200073,15.85898399,0.900007904,2,0,0.572874486,1.133098245,,,,SPX 7/21/17 P2320,2320,2.550000191,3.100000381,2.400000572,14.49595928,-0.079379126,74,0,0.752672672,0.826308966,,,
SPX 7/21/17 C2325,2325,102.1999969,107.1999969,0,15.49956036,0.894007683,0,0,0.627948105,1.1681813,,,,SPX 7/21/17 P2325,2325,2.75,3.299999237,3.100000381,14.20471191,-0.085537173,762,0,0.799897373,0.870780885,,,
SPX 7/21/17 C2330,2330,97.5,102.3999939,0,15.17240334,0.886994362,0,0,0.701409817,1.204431295,,,,SPX 7/21/17 P2330,2330,3,3.5,3.409999847,13.92074871,-0.092411332,182,0,0.853953958,0.915899038,,,
SPX 7/21/17 C2335,2335,92.80000305,97.59999084,102.7900085,14.82452488,0.879667878,2,0,0.771954298,1.2415874,,,,SPX 7/21/17 P2335,2335,3.199999809,3.799999237,3.690000534,13.63582897,-0.099953115,42,0,0.902269363,0.973170757,,,
SPX 7/21/17 C2340,2340,88.09999084,92.8999939,99.19999695,14.50311756,0.871243358,60,0,0.841159701,1.285709381,,,,SPX 7/21/17 P2340,2340,3.5,4.099999428,3.800000191,13.37917519,-0.108727723,3365,0,0.963352561,1.029822707,,,
SPX 7/21/17 C2345,2345,83.5,88.19999695,94.41000366,14.19633961,0.861797094,60,0,0.92344892,1.330510855,,,,SPX 7/21/17 P2345,2345,3.800000191,4.399999619,3.539999962,13.09211063,-0.117855273,558,0,1.02458179,1.087138295,,,
SPX 7/21/17 C2350,2350,78.59999084,83.19999695,89.1000061,13.62014198,0.856050968,2,0,0.963849723,1.359376907,,,,SPX 7/21/17 P2350,2350,4.100000381,4.800000191,4.800000191,12.82315922,-0.128247991,532,0,1.085617065,1.154044986,,,
SPX 7/21/17 C2355,2355,75.30000305,77.5,0,13.39319324,0.84346658,0,0,1.182862639,1.349023938,,,,SPX 7/21/17 P2355,2355,4.5,5.199999809,4.400000572,12.56075382,-0.139828861,56,0,1.157248735,1.220602512,,,
SPX 7/21/17 C2360,2360,70.69999695,73,0,13.08897781,0.831115544,0,0,1.2517488,1.411843419,,,,SPX 7/21/17 P2360,2360,4.899999619,5.699999809,5.449999809,12.30461502,-0.152717158,1807,0,1.227875113,1.294382095,,,
SPX 7/21/17 C2365,2365,66.19999695,68.5,0,12.79224491,0.817425072,0,0,1.328180552,1.474147797,,,,SPX 7/21/17 P2365,2365,5.400000572,6.199999809,5.489999771,12.04926586,-0.166937098,138,0,1.306827784,1.367072701,,,
SPX 7/21/17 C2370,2370,61.79998779,64,72.52000427,12.49365711,0.802436888,2,0,1.410498023,1.536224723,,,,SPX 7/21/17 P2370,2370,5.900000572,6.699999809,5.900000572,11.75542736,-0.18184486,505,0,1.38450563,1.439047933,,,
SPX 7/21/17 C2375,2375,57.3999939,59.6000061,0,12.18526363,0.786163509,0,0,1.49016428,1.602129221,,,,SPX 7/21/17 P2375,2375,6.5,7.400000572,6.800000191,11.51992989,-0.199491158,1723,0,1.467383862,1.521229625,,,
SPX 7/21/17 C2380,2380,53.09999084,55.19999695,57.80000305,11.87160015,0.768373966,3,0,1.573532701,1.666997552,,,,SPX 7/21/17 P2380,2380,7.100000381,8.100000381,7.699999809,11.24020863,-0.218003362,89,0,1.548398495,1.600592494,,,
SPX 7/21/17 C2385,2385,48.79998779,51,54.94999695,11.5755825,0.748495102,2,0,1.65383327,1.73747623,,,,SPX 7/21/17 P2385,2385,7.900000572,8.899999619,8.520000458,11.0053587,-0.239291474,16,0,1.637274981,1.681278825,,,
SPX 7/21/17 C2390,2390,44.69999695,46.8999939,47,11.3146944,0.726093292,12,0,1.738653541,1.807277799,,,,SPX 7/21/17 P2390,2390,8.699999809,9.699999809,9.260000229,10.71516514,-0.261576056,109,0,1.721328378,1.757875681,,,
SPX 7/21/17 C2395,2395,40.59999084,42.80000305,46.40000916,11.00309563,0.702488363,18,0,1.818039298,1.873010993,,,,SPX 7/21/17 P2395,2395,9.600000381,10.69999981,9.699999809,10.45755482,-0.286706209,56,0,1.804302096,1.836177826,,,
SPX 7/21/17 C2400,2400,36.8999939,38.5,42.05000305,10.68974304,0.676631927,47,0,1.900692582,1.930963278,,,,SPX 7/21/17 P2400,2400,10.69999981,11.69999981,11.35000038,10.19508266,-0.314124465,2615,0,1.886038899,1.907956362,,,
SPX 7/21/17 C2405,2405,33.09999084,34.69999695,37.80000305,10.41931438,0.647769988,22,0,1.970630288,1.991781235,,,,SPX 7/21/17 P2405,2405,11.89999962,12.89999962,12.10000038,9.941205978,-0.344180673,530,0,1.960573435,1.975769162,,,
SPX 7/21/17 C2410,2410,29.3999939,30.8999939,30.30000305,10.10768032,0.616923094,179,0,2.031580925,2.043987751,,,,SPX 7/21/17 P2410,2410,13.10000038,14.19999981,13.60000038,9.644955635,-0.376338214,720,0,2.024339437,2.034802198,,,
SPX 7/21/17 C2415,2415,25.8999939,27.29998779,34.19000244,9.822524071,0.583159268,15,0,2.081370592,2.087162971,,,,SPX 7/21/17 P2415,2415,14.60000038,15.60000038,15,9.372076988,-0.411598861,27,0,2.077788353,2.082547903,,,
SPX 7/21/17 C2420,2420,22.59999084,23.8999939,23.19999695,9.552573204,0.546715677,85,0,2.115947485,2.11755538,,,,SPX 7/21/17 P2420,2420,16.19999695,17.19999695,17.05000305,9.087539673,-0.449614227,115,0,2.11473155,2.116169691,,,
SPX 7/21/17 C2425,2425,19.3999939,20.69999695,20,9.271634102,0.507806718,194,0,2.13149786,2.131501913,,,,SPX 7/21/17 P2425,2425,18,19,18,8.811110497,-0.490491718,373,0,2.131492853,2.131498814,,,
SPX 7/21/17 C2430,2430,16.3999939,17.69999695,16.66000366,8.988588333,0.466467351,374,0,2.124173164,2.125388145,,,,SPX 7/21/17 P2430,2430,19.8999939,21.1000061,20,8.528233528,-0.53404212,281,0,2.123132467,2.124448299,,,
SPX 7/21/17 C2435,2435,13.69999981,15,14.75,8.74915123,0.42334348,1402,0,2.090085745,2.09608984,,,,SPX 7/21/17 P2435,2435,22.19999695,23.3999939,22.44999695,8.278586388,-0.579660833,394,0,2.084867954,2.09146452,,,
SPX 7/21/17 C2440,2440,11.19999981,12.39999962,11.55000019,8.466791153,0.378236562,634,0,2.025435448,2.039742231,,,,SPX 7/21/17 P2440,2440,24.6000061,26.09999084,24.8999939,8.038167953,-0.626695454,613,0,2.01040554,2.031486988,,,
SPX 7/21/17 C2445,2445,9,10.19999981,9.350000381,8.239678383,0.332985759,116,0,1.928785801,1.956850529,,,,SPX 7/21/17 P2445,2445,27.30000305,28.8999939,21.19999695,7.760780334,-0.67532146,24,0,1.895614624,1.940803885,,,
SPX 7/21/17 C2450,2450,7.099999428,8.199999809,8,8.012778282,0.287775725,4255,0,1.800742745,1.845014095,,,,SPX 7/21/17 P2450,2450,30.09999084,32.19999695,31.66999817,7.505437374,-0.723671615,345,0,1.725370646,1.829455733,,,
SPX 7/21/17 C2455,2455,5.5,6.400000572,6.050000191,7.78323555,0.243346289,719,0,1.645274878,1.702541947,,,,SPX 7/21/17 P2455,2455,33.3999939,35.6000061,27.44999695,7.259294033,-0.770757318,500,0,1.514577985,1.690068483,,,
SPX 7/21/17 C2460,2460,4.199999809,5,4.5,7.620007515,0.20275335,1063,0,1.470996499,1.545077682,,,,SPX 7/21/17 P2460,2460,37,39.19999695,28.6000061,6.999135494,-0.816102684,173,0,1.256719232,1.527160287,,,
SPX 7/21/17 C2465,2465,3.100000381,3.800000191,3.650000572,7.440412998,0.164540231,157,0,1.277676463,1.368726134,,,,SPX 7/21/17 P2465,2465,39.29998779,44.19999695,37.91999817,6.549730778,-0.864956081,6,0,0,1.470766425,,,
SPX 7/21/17 C2470,2470,2.300000191,2.850000381,2.600000381,7.314621925,0.131657869,477,0,1.091879487,1.187909842,,,,SPX 7/21/17 P2470,2470,43.29998779,48.3999939,44.22000122,6.215020657,-0.904726803,5,0,0,1.339592934,,,
SPX 7/21/17 C2475,2475,1.649999619,2.100000381,1.899999619,7.193957806,0.102929488,2317,0,0.905051887,1.007047534,,,,SPX 7/21/17 P2475,2475,41.8999939,52.8999939,50.5,0,-1,188,0,0,1.23321116,,,
SPX 7/21/17 C2480,2480,1.199999809,1.550000191,1.350000381,7.12813139,0.079978675,183,0,0.744349957,0.842132211,,,,SPX 7/21/17 P2480,2480,50.5,57.79998779,53.02000427,0,-1,11,0,0,1.17823863,,,
SPX 7/21/17 C2485,2485,0.850000024,1.199999809,1,7.120208263,0.062385689,461,0,0.595246136,0.712470949,,,,SPX 7/21/17 P2485,2485,56.90000153,62.5,0,5.66797924,-0.971632183,0,0,0,1.099787951,,,
SPX 7/21/17 C2490,2490,0.649999976,0.899999976,0.75,7.150876045,0.048875108,3319,0,0.491239697,0.587910235,,,,SPX 7/21/17 P2490,2490,61.59999847,67.30000305,54.40000916,4.838405609,-0.991251349,1,0,0,1.036644101,,,
SPX 7/21/17 C2495,2495,0.449999988,0.699999988,0.579999983,7.166944027,0.037617259,345,0,0.379695833,0.491604626,,,,SPX 7/21/17 P2495,2495,66.40000153,72.09999084,0,0,-1,0,0,0,0.974953532,,,
SPX 7/21/17 C2500,2500,0.449999988,0.600000024,0.449999988,7.459713936,0.033600811,473,0,0.364539921,0.432640642,,,,SPX 7/21/17 P2500,2500,71.19999695,76.8999939,64.25,0,-1,2,0,0,0.915322304,,,
SPX 7/21/17 C2505,2505,0.25,0.5,0.470000029,7.43346405,0.025072658,13,0,0.242592409,0.374177009,,,,SPX 7/21/17 P2505,2505,76.09999847,81.80000305,0,0,-1,0,0,0,0.873283684,,,
SPX 7/21/17 C2510,2510,0.150000036,0.400000036,0.350000024,7.454948425,0.019024571,181,0,0.166330934,0.314412028,,,,SPX 7/21/17 P2510,2510,81,86.69999695,0,0,-1,0,0,0,0.833541155,,,
SPX 7/21/17 C2515,2515,0.100000024,0.350000024,0.25,7.59583807,0.015605548,62,0,0.120872438,0.279210985,,,,SPX 7/21/17 P2515,2515,85.90000153,91.69999695,0,0,-1,0,0,0,0.812140524,,,
SPX 7/21/17 C2520,2520,0.099999964,0.199999988,0.150000036,7.528487206,0.010912023,224,0,0.116501577,0.187272817,,,,SPX 7/21/17 P2520,2520,90.90000153,96.69999695,84.3500061,0,-1,2,0,0,0.792497396,,,
SPX 7/21/17 C2525,2525,0.050000001,0.300000012,0.189999998,8.027812004,0.01185667,34,0,0.068250425,0.236734673,,,,SPX 7/21/17 P2525,2525,95.80000305,101.5999908,0,0,-1,0,0,0,0.757526755,,,
SPX 7/21/17 C2530,2530,0.050000001,0.25,0.199999988,8.205102921,0.010120655,8,0,0.06603042,0.203567579,,,,SPX 7/21/17 P2530,2530,100.8000031,106.5999908,0,0,-1,0,0,0,0.740445912,,,
SPX 7/21/17 C2535,2535,0.050000001,0.25,0.100000024,8.538341522,0.00976099,6,0,0.063706689,0.197564751,,,,SPX 7/21/17 P2535,2535,105.8000031,111.6999969,100.1500092,0,-1,2,0,0,0.740692258,,,
SPX 7/21/17 C2540,2540,0.050000001,0.25,0.150000036,8.870613098,0.009437541,3177,0,0.061597377,0.19186838,,,,SPX 7/21/17 P2540,2540,110.8000031,116.5999908,0,0,-1,0,0,0,0.709510803,,,
SPX 7/21/17 C2545,2545,0.050000001,0.25,0.120000005,9.199776649,0.009131425,1,0,0.059854079,0.186767414,,,,SPX 7/21/17 P2545,2545,115.6999969,121.5999908,0,0,-1,0,0,0,0.695313573,,,
SPX 7/21/17 C2550,2550,0.050000001,0.199999988,0.090000033,9.319785118,0.007651914,9,0,0.058164191,0.15635623,,,,SPX 7/21/17 P2550,2550,120.6999969,126.5999908,113.3000031,0,-1,1,0,0,0.681784272,,,
SPX 7/21/17 C2555,2555,0.050000001,0.199999988,0,9.637136459,0.007409446,0,0,0.056395013,0.152374178,,,,SPX 7/21/17 P2555,2555,125.6999969,131.6000061,0,0,-1,0,0,0,0.669399083,,,
SPX 7/21/17 C2560,2560,0.050000001,0.199999988,0,9.956974983,0.007204844,0,0,0.05493781,0.148542419,,,,SPX 7/21/17 P2560,2560,130.6999969,136.6000061,0,0,-1,0,0,0,0.657425642,,,
SPX 7/21/17 C2565,2565,0.050000001,0.199999988,0,10.27364254,0.007006311,0,0,0.053574875,0.144959629,,,,SPX 7/21/17 P2565,2565,135.6999969,141.6000061,0,0,-1,0,0,0,0.646069527,,,
SPX 7/21/17 C2570,2570,0.050000001,0.199999988,0,10.5885849,0.006819841,0,0,0.05217509,0.141767681,,,,SPX 7/21/17 P2570,2570,140.6999969,146.6000061,0,0,-1,0,0,0,0.635019898,,,
SPX 7/21/17 C2575,2575,0.050000001,0.199999988,0.120000005,10.90235138,0.006646458,45,0,0.05098198,0.138515487,,,,SPX 7/21/17 P2575,2575,145.6999969,151.6000061,138.3000031,0,-1,2,0,0,0.624923825,,,
SPX 7/21/17 C2580,2580,0,0.199999988,0.100000024,11.85926723,0.009429791,100,0,0,0.135507852,,,,SPX 7/21/17 P2580,2580,150.6999969,156.6000061,0,0,-1,0,0,0,0.615074515,,,
SPX 7/21/17 C2585,2585,0,0.150000036,0,11.76735783,0.007314306,0,0,0,0.108414136,,,,SPX 7/21/17 P2585,2585,155.6999969,161.6000061,0,0,-1,0,0,0,0.605596602,,,
SPX 7/21/17 C2590,2590,0,0.150000036,0,12.08099079,0.007143886,0,0,0,0.106183581,,,,SPX 7/21/17 P2590,2590,160.6999969,166.5,0,0,-1,0,0,0,0.582379818,,,
SPX 7/21/17 C2595,2595,0,0.150000036,0,12.39311218,0.006982442,0,0,0,0.104063265,,,,SPX 7/21/17 P2595,2595,165.6999969,171.5,0,0,-1,0,0,0,0.573930442,,,
SPX 7/21/17 C2600,2600,0,0.150000036,0.050000001,12.70273399,0.006825422,4,0,0,0.101994179,,,,SPX 7/21/17 P2600,2600,170.6000061,176.5,163.3000031,0,-1,1,0,0,0.565872908,,,
SPX 7/21/17 C2605,2605,0,0.150000036,0,13.01200676,0.00668024,0,0,0,0.100074925,,,,SPX 7/21/17 P2605,2605,175.6000061,181.5,0,0,-1,0,0,0,0.558214605,,,
SPX 7/21/17 C2610,2610,0,0.150000036,0.079999983,13.31791496,0.006535308,21,0,0,0.098152943,,,,SPX 7/21/17 P2610,2610,180.6000061,186.5,0,0,-1,0,0,0,0.550645232,,,
SPX 7/21/17 C2615,2615,0,0.100000024,0,13.02946186,0.004606908,0,0,0,0.071941361,,,,SPX 7/21/17 P2615,2615,185.6000061,191.5,0,0,-1,0,0,0,0.543397963,,,
SPX 7/21/17 C2620,2620,0,0.100000024,0,13.32591343,0.004520864,0,0,0,0.070740737,,,,SPX 7/21/17 P2620,2620,190.6000061,196.5,0,0,-1,0,0,0,0.536628902,,,
SPX 7/21/17 C2625,2625,0,0.100000024,0,13.61661053,0.004427151,0,0,0,0.069429688,,,,SPX 7/21/17 P2625,2625,195.6000061,201.5,0,0,-1,0,0,0,0.530013442,,,
SPX 7/21/17 C2630,2630,0,0.100000024,0,13.91012192,0.004347511,0,0,0,0.068312667,,,,SPX 7/21/17 P2630,2630,200.6000061,206.5,0,0,-1,0,0,0,0.52376008,,,
SPX 7/21/17 C2640,2640,0,0.100000024,0,14.48763561,0.004184412,0,0,0,0.066016734,,,,SPX 7/21/17 P2640,2640,210.6000061,216.5,0,0,-1,0,0,0,0.511358678,,,
SPX 7/21/17 C2650,2650,0,0.100000024,0,15.0622139,0.004038202,0,0,0,0.063948736,,,,SPX 7/21/17 P2650,2650,220.6000061,226.5,0,0,-1,0,0,0,0.500264168,,,
SPX 7/21/17 C2660,2660,0,0.100000024,0,15.63463497,0.003907856,0,0,0,0.062097039,,,,SPX 7/21/17 P2660,2660,230.6000061,236.3999939,0,0,-1,0,0,0,0.477033317,,,
SPX 7/21/17 C2670,2670,0,0.100000024,0,16.19929123,0.003780455,0,0,0,0.060279619,,,,SPX 7/21/17 P2670,2670,240.6000061,246.3999939,0,0,-1,0,0,0,0.467083484,,,
SPX 7/21/17 C2700,2700,0,0.100000024,0,17.87324524,0.003456646,0,0,0,0.055625059,,,,SPX 7/21/17 P2700,2700,270.5,276.3999023,0,0,-1,0,0,0,0.441464901,,,
SPX 7/21/17 C2800,2800,0,0.050000001,0,21.79611778,0.001518948,0,0,0,0.0264182,,,,SPX 7/21/17 P2800,2800,370.5,376.2998047,0,0,-1,0,0,0,0.369547695,,,
SPX 7/21/17 C2900,2900,0,0.100000024,0,28.25948334,0.002278762,0,0,0,0.038196731,,,,SPX 7/21/17 P2900,2900,470.3999939,476.1999512,0,0,-1,0,0,0,0.321383357,,,
SPX 7/21/17 C3000,3000,0,0.050000001,0,31.13146591,0.001095759,0,0,0,0.019598449,,,,SPX 7/21/17 P3000,3000,570.2999878,576.1999512,0,0,-1,0,0,0,0.295342863,,,
